RunNumber,GearFile
1,"gear_equally_spaced.xml"
2,"gear_equally_spaced.xml"
3,"gear_equally_spaced.xml"
4,"gear_equally_spaced.xml"
5,"gear_equally_spaced.xml"
6,"gear_equally_spaced.xml"
7,"gear_equally_spaced.xml"
8,"gear_equally_spaced.xml"
9,"gear_equally_spaced.xml"
10,"gear_equally_spaced.xml"
11,"gear_equally_spaced.xml"
12,"gear_equally_spaced.xml"
13,"gear_equally_spaced.xml"
14,"gear_equally_spaced.xml"
15,"gear_equally_spaced.xml"
16,"gear_equally_spaced.xml"
17,"gear_equally_spaced.xml"
18,"gear_equally_spaced.xml"
19,"gear_equally_spaced.xml"
20,"gear_equally_spaced.xml"
21,"gear_equally_spaced.xml"
22,"gear_equally_spaced.xml"
23,"gear_equally_spaced.xml"
24,"gear_equally_spaced.xml"
25,"gear_equally_spaced.xml"
26,"gear_equally_spaced.xml"
