RunNumber,LcioFile,GearFile
1,run000001.slcio,gear_equally_spaced.xml
2,run000002.slcio,gear_equally_spaced.xml
3,run000003.slcio,gear_equally_spaced.xml
4,run000004.slcio,gear_equally_spaced.xml
5,run000005.slcio,gear_equally_spaced.xml
6,run000006.slcio,gear_equally_spaced.xml
7,run000007.slcio,gear_equally_spaced.xml
8,run000008.slcio,gear_equally_spaced.xml
9,run000009.slcio,gear_equally_spaced.xml
10,run000010.slcio,gear_equally_spaced.xml
11,run000011.slcio,gear_equally_spaced.xml
12,run000012.slcio,gear_equally_spaced.xml
13,run000013.slcio,gear_equally_spaced.xml
14,run000014.slcio,gear_equally_spaced.xml
15,run000015.slcio,gear_equally_spaced.xml
16,run000016.slcio,gear_equally_spaced.xml
17,run000017.slcio,gear_equally_spaced.xml
18,run000018.slcio,gear_equally_spaced.xml
19,run000019.slcio,gear_equally_spaced.xml
20,run000020.slcio,gear_equally_spaced.xml
21,run000021.slcio,gear_equally_spaced.xml
22,run000022.slcio,gear_equally_spaced.xml
23,run000023.slcio,gear_equally_spaced.xml
24,run000024.slcio,gear_equally_spaced.xml
25,run000025.slcio,gear_equally_spaced.xml
26,run000026.slcio,gear_equally_spaced.xml
