"RunNumber","GearFile","HotPixelRunNumber"
1,"gear_equally_spaced.xml",1
2,"gear_equally_spaced.xml",2
3,"gear_equally_spaced.xml",3
4,"gear_equally_spaced.xml",4
5,"gear_equally_spaced.xml",5
6,"gear_equally_spaced.xml",6
7,"gear_equally_spaced.xml",7
8,"gear_equally_spaced.xml",8
9,"gear_equally_spaced.xml",9
10,"gear_equally_spaced.xml",10
11,"gear_equally_spaced.xml",11
12,"gear_equally_spaced.xml",12
13,"gear_equally_spaced.xml",13
14,"gear_equally_spaced.xml",14
15,"gear_equally_spaced.xml",15
16,"gear_equally_spaced.xml",16
17,"gear_equally_spaced.xml",17
18,"gear_equally_spaced.xml",18
19,"gear_equally_spaced.xml",19
20,"gear_equally_spaced.xml",20
21,"gear_equally_spaced.xml",21
22,"gear_equally_spaced.xml",22
23,"gear_equally_spaced.xml",23
24,"gear_equally_spaced.xml",24
25,"gear_equally_spaced.xml",25
26,"gear_equally_spaced.xml",26
