"RunNumber","GearFile","BeamEnergy"
1,"gear_equally_spaced.xml",1
2,"gear_equally_spaced.xml",2
3,"gear_equally_spaced.xml",3
4,"gear_equally_spaced.xml",4
5,"gear_equally_spaced.xml",5
6,"gear_equally_spaced.xml",1
7,"gear_equally_spaced.xml",2
8,"gear_equally_spaced.xml",3
9,"gear_equally_spaced.xml",4
10,"gear_equally_spaced.xml",5
11,"gear_equally_spaced.xml",1
12,"gear_equally_spaced.xml",2
13,"gear_equally_spaced.xml",3
14,"gear_equally_spaced.xml",4
15,"gear_equally_spaced.xml",5
16,"gear_equally_spaced.xml",1
17,"gear_equally_spaced.xml",2
18,"gear_equally_spaced.xml",3
19,"gear_equally_spaced.xml",4
20,"gear_equally_spaced.xml",5
21,"gear_equally_spaced.xml",1
22,"gear_equally_spaced.xml",2
23,"gear_equally_spaced.xml",3
24,"gear_equally_spaced.xml",3
25,"gear_equally_spaced.xml",4
26,"gear_equally_spaced.xml",5
